201,CMVP_0000_0000_10_130204_1926_00031_Face.mp4,CHPV_0000_0000_10_130205_0021_00041_Front.mp4,
203,CMVP_0000_0000_10_130205_1808_00036_Face.mp4,CHPV_0000_0000_10_130205_2304_00046_Front.mp4,
206,CMVP_0000_0000_10_130206_1903_00042_Face.mp4,CHPV_0000_0000_10_130206_2359_00052_Front.mp4,
207,CMVP_0000_0000_10_130207_1328_00043_Face.mp4,CHPV_0000_0000_10_130207_1824_00053_Front.mp4,
208,CMVP_0000_0000_10_130207_1552_00046_Face.mp4,CHPV_0000_0000_10_130207_2048_00056_Front.mp4,
211,CMVP_0000_0000_10_130212_1453_00063_Face.mp4,CHPV_0000_0000_10_130212_1949_00072_Front.mp4,
222,CMVP_0000_0000_10_130218_1429_00079_Face.mp4,CHPV_0000_0000_10_130218_1924_00088_Front.mp4,
223,CMVP_0000_0000_10_130301_1820_00107_Face.mp4,CHPV_0000_0000_10_130301_2316_00116_Front.mp4,
225,CMVP_0000_0000_10_130220_1400_00083_Face.mp4,CHPV_0000_0000_10_130220_1856_00092_Front.mp4,
231,CMVP_0000_0000_10_130225_1805_00096_Face.mp4,CHPV_0000_0000_10_130225_2300_00105_Front.mp4,
233,CMVP_0000_0000_10_130227_1022_00098_Face.mp4,CHPV_0000_0000_10_130227_1517_00108_Front.mp4,
236,CMVP_0000_0000_10_130227_1928_00102_Face.mp4,CHPV_0000_0000_10_130228_0023_00112_Front.mp4,
242,CMVP_0000_0000_10_130326_1842_00125_Face.mp4,CHPV_0000_0000_10_130326_2337_00138_Front.mp4,
244,CMVP_0000_0000_10_130305_1003_00110_Face.mp4,CHPV_0000_0000_10_130305_1459_00119_Front.mp4,
245,CMVP_0000_0000_10_130308_1013_00111_Face.mp4,CHPV_0000_0000_10_130308_1509_00120_Front.mp4,
248,CMVP_0000_0000_10_130308_1556_00113_Face.mp4,CHPV_0000_0000_10_130308_2051_00122_Front.mp4,
250,CMVP_0000_0000_10_130312_2013_00117_Face.mp4,CHPV_0000_0000_10_130313_0108_00127_Front.mp4,
252,CMVP_0000_0000_10_130313_1827_00119_Face.mp4,CHPV_0000_0000_10_130313_2322_00130_Front.mp4,
253,CMVP_0000_0000_10_130319_1846_00124_Face.mp4,CHPV_0000_0000_10_130319_2341_00137_Front.mp4,
255,CMVP_0000_0000_10_130314_1539_00123_Face.mp4,CHPV_0000_0000_10_130314_2040_00136_Front.mp4,
262,CMVP_0000_0000_10_130413_1115_00138_Face.mp4,CHPV_0000_0000_10_130413_1609_00153_Front.mp4,
267,CMVP_0000_0000_10_130501_1952_00144_Face.mp4,CHPV_0000_0000_10_130502_0045_00159_Front.mp4,
268,CMVP_0000_0000_10_130502_1953_00145_Face.mp4,CHPV_0000_0000_10_130503_0046_00160_Front.mp4,